<?xml version="1.0" encoding="UTF-8"?>
<site>
   <feature url="features/com.freescale.mcu10_1.kinetis.runtime_1.0.4.jar" id="com.freescale.mcu10_1.kinetis.runtime" version="1.0.4">
      <category name="MCU v10.1 Updates"/>
   </feature>
   <feature url="features/com.freescale.mcu10_1.ppc.runtime.e200z0h_1.0.0.jar" id="com.freescale.mcu10_1.ppc.runtime.e200z0h" version="1.0.0">
      <category name="MCU v10.1 Updates"/>
   </feature>
   <feature url="features/com.freescale.mcu10_1.k10_k20.win.sp_1.0.2.jar" id="com.freescale.mcu10_1.k10_k20.win.sp" version="1.0.2">
      <category name="MCU v10.1 Service Packs"/>
   </feature>
   <feature url="features/com.freescale.mcu_10.1.13.jar" id="com.freescale.mcu" version="10.1.13">
      <category name="MCU v10.1 Service Packs"/>
   </feature>
   <category-def name="MCU v10.1 Service Packs" label="MCU v10.1 Service Packs">
      <description>
         MCU v10.1 Service Packs
      </description>
   </category-def>
   <category-def name="MCU v10.1 Updates" label="MCU v10.1 Updates">
      <description>
         MCU v10.1 Updates
      </description>
   </category-def>
</site>
